{
	"network":["layer0","layer1","layer2"],
	"layer1":["l1n0","l1n1"],
	"layer2":["l2n0","l2n1","l2n2","l2n3"],
	"l1n0":[5.847973346710205078,-7.406619548797607,-0.04010223597288132],
	"l1n1":[4.145832061767578125,0.4036349356174469,-7.532534599304199],
	"l2n0":[-0.8576133251190186,-11.438902854919434,16.214269638061523],
	"l2n1":[-11.27922534942627,-10.637711524963379,-17.856063842773438],
	"l2n2":[0.848839521408081,-6.472053527832031,-3.282294273376465],
	"l2n3":[-9.703481674194336,-38.89588165283203,9.490970611572266]
}